<CustomAmplifierDatabase>
  <CustomAmplifier>
    <manufacturer Value="ServoTronix" />
    <partnumber Value="CDHD-0132APB0-ST" />
    <positionctrl Value="0" />
    <velocityctrl Value="0" />
    <torquectrl Value="0" />
    <commutationctrl Value="0" />
    <currentloopctrl Value="1" />
    <analogcmd Value="0" />
    <pwmcmd Value="1" />
    <stepdircmd Value="0" />
    <datacmd Value="0" />
    <datacmdtype Value="0" />
    <busvoltagetype Value="0" />
    <busvoltage Value="220" />
    <contcurrent Value="13" />
    <peakcurrent Value="28" />
    <peakcurrenttype Value="0" />
    <timeallowed Value="1" />
    <maxadccurrent Value="49.5" />
    <adcstrobe Value="0" />
    <adcresolution Value="14" />
    <ampfaultlevel Value="1" />
    <instpeakcurrenttype Value="0" />
    <vendoriddescription Value="" />
    <productcodedescription Value="" />
    <pwmdeadtime Value="1" />
    <interpolatedpositionctrl Value="0" />
    <profiletorquectrl Value="0" />
    <profilevelocityctrl Value="0" />
    <profilepositionctrl Value="0" />
    <velocitymodectrl Value="0" />
    <directmicrosteppingctrl Value="0" />
    <pfmMaxFrequency Value="0" />
    <pfmMinPulseWidth Value="0" />
    <pfmPulseWidthUnits Value="usec" />
    <MaxCommandOutput Value="1000" />
    <Transconductance Value="1" />
    <IsDifferential Value="0" />
  </CustomAmplifier>
  <CustomAmplifier>
    <manufacturer Value="Analog Torque" />
    <partnumber Value="Analog Torque" />
    <positionctrl Value="0" />
    <velocityctrl Value="0" />
    <torquectrl Value="1" />
    <commutationctrl Value="0" />
    <currentloopctrl Value="0" />
    <analogcmd Value="1" />
    <pwmcmd Value="0" />
    <stepdircmd Value="0" />
    <datacmd Value="0" />
    <datacmdtype Value="0" />
    <busvoltagetype Value="0" />
    <busvoltage Value="220" />
    <contcurrent Value="5" />
    <peakcurrent Value="10" />
    <peakcurrenttype Value="0" />
    <timeallowed Value="1" />
    <maxadccurrent Value="0" />
    <adcstrobe Value="0" />
    <adcresolution Value="0" />
    <ampfaultlevel Value="1" />
    <instpeakcurrenttype Value="0" />
    <vendoriddescription Value="" />
    <productcodedescription Value="" />
    <pwmdeadtime Value="0" />
    <interpolatedpositionctrl Value="0" />
    <profiletorquectrl Value="0" />
    <profilevelocityctrl Value="0" />
    <profilepositionctrl Value="0" />
    <velocitymodectrl Value="0" />
    <directmicrosteppingctrl Value="0" />
    <pfmMaxFrequency Value="0" />
    <pfmMinPulseWidth Value="0" />
    <pfmPulseWidthUnits Value="usec" />
    <MaxCommandOutput Value="1000" />
    <Transconductance Value="10" />
    <IsDifferential Value="0" />
  </CustomAmplifier>
</CustomAmplifierDatabase>